original,Max_fit,Gen,Hof
0.11196990591672062,82,0,"[0.06310254163014899, 1.0, 0.009049276515191227, 0.04629554515782857, 0.002775850104094379, 0.0]"
