rand,Max_fit,Gen,Dataset,Dist,Hof
85136,0.20759418430693855,5,"[1, 2, 1, 9, 2]",0.18350341907227385,"[1, 9, 9, 2]"
