original,Max_fit,Gen,Hof
0.07726376311064674,82,0,"[0.06310254163014899, 1.0, 0.027070995965764087, 0.013592602732700564, 0.002775850104094379, 0.2936730702099005]"
