original,Max_fit,Gen,Hof
0.2590051961908293,82,0,"[0.06310254163014899, 1.0, 0.011260531124874814, 0.024426551918558654, 0.002775850104094379, 0.0]"
