original,Max_fit,Gen,Hof
0.09646047251517591,100,0,"[0.06310254163014899, 1.0, 0.0020863085935483995, 0.016800266067066888, 0.002775850104094379, 0.08453405640903129]"
