rand,Max_fit,Gen,Dataset,Dist,Hof
84907,0.20759418430693855,3,"[1, 2, 1, 9, 2]",0.18350341907227385,"[9, 2, 9, 1]"
