rand,Max_fit,Gen,Dataset,Dist,Hof
84290,0.20759418430693855,4,"[1, 2, 1, 9, 2]",0.18350341907227385,"[2, 9, 9, 1]"
