rand,Max_fit,Gen,Dataset,Dist,Hof
85609,0.20759418430693855,6,"[1, 2, 1, 9, 2]",0.18350341907227385,"[1, 2, 9, 9]"
